variant,model,class,precision,recall,f1,support
capped,random_forest,BENIGN,0.999869579078552,0.9981074076306431,0.9989877162565047,414775
capped,random_forest,Bot,0.6607460035523979,0.9514066496163683,0.779874213836478,391
capped,random_forest,DDoS,0.998904152479355,0.9996866554384866,0.9992952507732665,25531
capped,random_forest,DoS GoldenEye,0.9882063882063882,0.9985104270109235,0.9933316868362558,2014
capped,random_forest,DoS Hulk,0.9917668320950114,0.9995952119354652,0.9956656346749226,34586
capped,random_forest,DoS Slowhttptest,0.9453053783044667,0.9971153846153846,0.9705194197473093,1040
capped,random_forest,DoS slowloris,0.9955277280858676,0.9955277280858676,0.9955277280858676,1118
capped,random_forest,FTP-Patator,1.0,1.0,1.0,1131
capped,random_forest,Heartbleed,1.0,1.0,1.0,3
capped,random_forest,Infiltration,1.0,0.75,0.8571428571428571,4
capped,random_forest,PortScan,0.9879348590596765,0.9990152095415253,0.9934441391692282,18278
capped,random_forest,SSH-Patator,1.0,0.9936908517350158,0.9968354430379747,634
capped,random_forest,Web Attack - Brute Force,0.7475961538461539,0.9598765432098766,0.8405405405405405,324
capped,random_forest,Web Attack - Sql Injection,1.0,0.25,0.4,4
capped,random_forest,Web Attack - XSS,0.6470588235294118,0.09322033898305085,0.16296296296296298,118
capped,xgboost,BENIGN,0.9999541278866234,0.9985558435296245,0.9992544965439039,414775
capped,xgboost,Bot,0.630114566284779,0.9846547314578005,0.7684630738522954,391
capped,xgboost,DDoS,0.9989434966348412,0.9999216638596217,0.9994323409086461,25531
capped,xgboost,DoS GoldenEye,0.9838630806845966,0.9990069513406157,0.9913771864991378,2014
capped,xgboost,DoS Hulk,0.9975764570109636,0.9997108656681895,0.9986425208676314,34586
capped,xgboost,DoS Slowhttptest,0.9773798303487277,0.9971153846153846,0.9871489766777725,1040
capped,xgboost,DoS slowloris,0.9964253798033958,0.9973166368515206,0.9968708091193563,1118
capped,xgboost,FTP-Patator,0.9991166077738516,1.0,0.9995581087052585,1131
capped,xgboost,Heartbleed,0.75,1.0,0.8571428571428571,3
capped,xgboost,Infiltration,1.0,0.75,0.8571428571428571,4
capped,xgboost,PortScan,0.9883129531435991,0.9993434730276836,0.99379760609358,18278
capped,xgboost,SSH-Patator,0.990625,1.0,0.9952904238618524,634
capped,xgboost,Web Attack - Brute Force,0.7847025495750708,0.8549382716049383,0.8183161004431314,324
capped,xgboost,Web Attack - Sql Injection,1.0,0.75,0.8571428571428571,4
capped,xgboost,Web Attack - XSS,0.4482758620689655,0.3305084745762712,0.3804878048780488,118
capped_weighted,random_forest,BENIGN,0.9998936797440582,0.9976493279488879,0.998770243018806,414775
capped_weighted,random_forest,Bot,0.5716440422322775,0.969309462915601,0.7191650853889943,391
capped_weighted,random_forest,DDoS,0.9984741784037559,0.9996083192981082,0.9990409269734396,25531
capped_weighted,random_forest,DoS GoldenEye,0.9853013228809407,0.9985104270109235,0.9918618988902589,2014
capped_weighted,random_forest,DoS Hulk,0.9908012379642366,0.9996819522350083,0.9952217840591808,34586
capped_weighted,random_forest,DoS Slowhttptest,0.9409627611262489,0.9961538461538462,0.9677720691265763,1040
capped_weighted,random_forest,DoS slowloris,0.99375,0.9955277280858676,0.9946380697050938,1118
capped_weighted,random_forest,FTP-Patator,0.9991166077738516,1.0,0.9995581087052585,1131
capped_weighted,random_forest,Heartbleed,1.0,1.0,1.0,3
capped_weighted,random_forest,Infiltration,0.75,0.75,0.75,4
capped_weighted,random_forest,PortScan,0.9882015478703252,0.998960498960499,0.9935518977009931,18278
capped_weighted,random_forest,SSH-Patator,0.9722650231124808,0.9952681388012619,0.9836321122369447,634
capped_weighted,random_forest,Web Attack - Brute Force,0.8097014925373134,0.6697530864197531,0.7331081081081081,324
capped_weighted,random_forest,Web Attack - Sql Injection,0.0,0.0,0.0,4
capped_weighted,random_forest,Web Attack - XSS,0.35233160621761656,0.576271186440678,0.43729903536977494,118
capped_weighted,xgboost,BENIGN,0.9999758531679437,0.9984280634078717,0.9992013588962828,414775
capped_weighted,xgboost,Bot,0.6141732283464567,0.9974424552429667,0.7602339181286549,391
capped_weighted,xgboost,DDoS,0.9983186048330336,1.0,0.9991585950494081,25531
capped_weighted,xgboost,DoS GoldenEye,0.9857912787849094,0.9990069513406157,0.9923551171393341,2014
capped_weighted,xgboost,DoS Hulk,0.9975761772853186,0.9995952119354652,0.9985846740417665,34586
capped_weighted,xgboost,DoS Slowhttptest,0.9737089201877934,0.9971153846153846,0.9852731591448931,1040
capped_weighted,xgboost,DoS slowloris,0.9867139061116031,0.9964221824686941,0.9915442812639075,1118
capped_weighted,xgboost,FTP-Patator,0.9982347749338041,1.0,0.9991166077738516,1131
capped_weighted,xgboost,Heartbleed,0.75,1.0,0.8571428571428571,3
capped_weighted,xgboost,Infiltration,0.8,1.0,0.8888888888888888,4
capped_weighted,xgboost,PortScan,0.9883142177017962,0.9994528941897363,0.9938523475327784,18278
capped_weighted,xgboost,SSH-Patator,0.9890625,0.998422712933754,0.9937205651491365,634
capped_weighted,xgboost,Web Attack - Brute Force,0.7947882736156352,0.7530864197530864,0.7733755942947702,324
capped_weighted,xgboost,Web Attack - Sql Injection,0.5,0.75,0.6,4
capped_weighted,xgboost,Web Attack - XSS,0.3597122302158273,0.423728813559322,0.38910505836575876,118
original,random_forest,BENIGN,0.9987567253688261,0.9993779760110904,0.9990672541117945,414775
original,random_forest,Bot,0.8571428571428571,0.4143222506393862,0.5586206896551724,391
original,random_forest,DDoS,0.9998823898384821,0.9989816301750812,0.9994318070495112,25531
original,random_forest,DoS GoldenEye,0.9950199203187251,0.9920556107249255,0.9935355544505221,2014
original,random_forest,DoS Hulk,0.999216346432925,0.9954027641242121,0.997305909617613,34586
original,random_forest,DoS Slowhttptest,0.9894636015325671,0.9932692307692308,0.991362763915547,1040
original,random_forest,DoS slowloris,0.9982046678635548,0.9946332737030411,0.996415770609319,1118
original,random_forest,FTP-Patator,1.0,0.9973474801061007,0.99867197875166,1131
original,random_forest,Heartbleed,1.0,1.0,1.0,3
original,random_forest,Infiltration,1.0,0.5,0.6666666666666666,4
original,random_forest,PortScan,0.9889280868385346,0.9968814968814969,0.9928888646704629,18278
original,random_forest,SSH-Patator,1.0,0.9858044164037855,0.9928514694201748,634
original,random_forest,Web Attack - Brute Force,0.7684887459807074,0.7376543209876543,0.752755905511811,324
original,random_forest,Web Attack - Sql Injection,0.0,0.0,0.0,4
original,random_forest,Web Attack - XSS,0.35514018691588783,0.3220338983050847,0.3377777777777778,118
original,xgboost,BENIGN,0.9996526789547566,0.9992357302151769,0.9994441610992347,414775
original,xgboost,Bot,0.8696883852691218,0.7851662404092071,0.8252688172043011,391
original,xgboost,DDoS,0.9999608135115012,0.9994908150875407,0.9997257590597454,25531
original,xgboost,DoS GoldenEye,0.9945409429280397,0.9950347567030785,0.9947877885331348,2014
original,xgboost,DoS Hulk,0.9981811357796576,0.9996530388018273,0.9989165450789478,34586
original,xgboost,DoS Slowhttptest,0.9857142857142858,0.9951923076923077,0.9904306220095693,1040
original,xgboost,DoS slowloris,0.9991015274034142,0.9946332737030411,0.9968623935454953,1118
original,xgboost,FTP-Patator,0.9991158267020336,0.9991158267020336,0.9991158267020336,1131
original,xgboost,Heartbleed,0.0,0.0,0.0,3
original,xgboost,Infiltration,1.0,0.5,0.6666666666666666,4
original,xgboost,PortScan,0.989008013861815,0.9992887624466572,0.994121809176509,18278
original,xgboost,SSH-Patator,1.0,0.9936908517350158,0.9968354430379747,634
original,xgboost,Web Attack - Brute Force,0.7770700636942676,0.7530864197530864,0.7648902821316614,324
original,xgboost,Web Attack - Sql Injection,0.0,0.0,0.0,4
original,xgboost,Web Attack - XSS,0.3333333333333333,0.3305084745762712,0.33191489361702126,118
